MI,2015
IG,6369
GL,8511
LI,8456
II,5884
IV,5297
VS,5627
SH,1941
HS,1705
SK,3496
KL,6615
LL,13646
LA,11648
AD,5182
DG,4343
LH,2484
HQ,1512
QL,6530
AA,9306
AQ,4775
QM,1140
MQ,1408
QN,2224
NK,3252
KQ,3756
QK,3054
KC,409
CH,451
HI,1795
IT,5044
TA,5529
AG,7389
GV,6269
VD,4388
DD,3382
DE,4480
ET,3705
TH,1519
HP,1491
PI,3371
GT,4343
TD,3426
DA,5150
AV,6910
VK,4305
KV,4423
VM,2246
ME,1628
EA,5770
AI,7844
IE,5630
ES,4241
SL,8830
LS,9749
SD,3988
AE,6387
EH,1835
IL,7301
LM,3083
MD,1455
DL,5572
LG,8371
GS,5025
SA,6536
AL,11831
LD,6346
ID,5211
DP,2598
PD,3032
EK,5098
VH,1344
HL,2662
LC,1441
CS,841
AP,3687
PL,5474
LV,7994
VE,4769
EG,4406
GA,6730
IA,8270
AS,5954
SG,6240
GG,5845
SI,5228
EI,4910
LN,6061
NE,3224
QQ,4114
QA,5049
LQ,4831
AK,5841
ND,2887
DT,2967
TV,4687
VT,4931
TT,3517
TE,3827
EN,3619
KD,3185
DK,4037
KH,1372
HT,1281
HF,1361
FS,4327
SE,4532
EQ,4831
LT,7604
TQ,3116
QW,883
WV,1155
VV,5850
KN,3396
NP,2592
PS,3057
IR,3851
RP,2200
PA,4165
AT,5326
TL,7978
GF,3972
FT,3068
LE,6641
EL,7862
LR,5728
RH,1527
HG,1807
GE,5130
KR,3323
RA,4094
KS,3905
SM,1815
MN,1599
NQ,2792
QI,3450
QV,3665
VR,3612
RQ,3080
QG,3735
GD,4163
KI,4332
VA,7136
DS,3788
SQ,3871
NA,4378
IN,4374
AF,4150
FN,2652
QH,1537
HN,1115
NF,1914
FG,3737
DN,3282
NI,4121
KT,3748
TF,2569
FV,3213
VG,5583
GK,5061
AY,3017
YV,2186
VP,3212
PT,2869
AH,1868
HH,874
HA,1995
PN,2195
NT,3125
CI,799
IS,6047
SS,5275
SY,2639
YQ,2640
QT,2759
TS,3929
TR,2949
RR,3206
TK,2773
KA,5706
LK,6877
AN,4270
QY,1878
YG,2829
EE,4295
IF,3249
FR,2071
RG,3324
GH,1871
HR,1419
RL,6507
ED,3062
QS,3387
EC,647
CN,435
YD,2105
SN,3062
NN,2980
NM,1160
MS,2407
EY,2271
YL,4368
AR,4519
RF,2964
FI,4169
DI,4945
SV,5372
QP,2388
SC,790
CA,1032
EP,2545
TI,4323
GN,3516
NL,4974
GP,2083
RY,2506
YR,2497
RN,2384
TN,2518
NV,3264
NG,4003
SP,3303
PY,1677
YS,2666
TC,649
KM,1452
MG,2184
LP,6412
IH,1772
RS,3085
KK,3986
IY,2558
VY,2323
YT,2022
TG,5065
GM,2261
MR,1519
PQ,2203
GY,3314
YI,2349
IP,3800
PV,3887
MP,1515
PE,4241
EF,2575
FH,1009
EM,1724
IK,4449
KE,4285
TP,3737
DW,961
WQ,1218
NY,2007
YA,2980
LY,3498
VI,6405
TM,1358
MA,3142
SF,3349
FM,1140
ML,3555
RK,2945
KP,2809
GQ,3499
YP,1832
EV,4584
LF,5601
FF,2279
NR,2588
RT,2680
FD,3000
NC,506
CP,577
PP,1746
GI,6554
IC,984
RI,4044
PG,2838
QR,3052
HD,1342
VN,3717
QC,511
GR,3933
RV,3705
DM,1463
MT,2111
FE,2595
HY,1269
QE,2985
HV,1476
RE,3841
VL,8030
ER,4125
VQ,2557
CK,500
FA,4214
IM,1673
MK,2056
AW,1284
WG,1081
CR,675
ST,4097
PF,2379
FY,1881
RD,3054
DV,4310
VF,3176
FQ,1462
PR,1791
YH,1129
PK,2515
NH,1314
HE,1413
MV,2225
QF,2317
DY,2447
NS,3540
AM,2790
KG,4428
GW,1309
DQ,1915
DR,2633
DF,2835
QD,2395
FP,1821
PH,1123
MM,993
IQ,2994
HK,1184
VW,948
WL,2394
DH,1177
HM,484
PM,1118
CQ,673
RC,599
YK,1627
FK,2218
KY,1870
GC,1125
CT,581
YM,723
SR,3720
LW,1481
WT,554
FL,4371
DC,685
CD,770
CF,569
MY,701
KW,735
WC,211
CL,1298
TY,1879
YF,1881
YN,1625
NW,772
WS,980
YW,622
YY,1458
FC,685
MF,1093
VC,889
PW,690
WA,1052
WR,963
FW,734
WF,723
PC,453
AC,1234
YE,1925
SW,1145
WP,592
WH,453
WE,779
WN,611
RW,926
KF,1825
RM,1279
CC,214
WK,706
EW,981
CY,498
CG,1178
WD,784
CE,773
TW,774
YC,519
IW,906
MW,293
WY,475
CM,236
WM,418
WW,232
HW,439
CW,211
HC,403
WI,900
CV,836
MH,542
MC,260
