MA,827
AR,1297
RT,622
TE,773
EK,3864
KI,4800
IY,1660
YI,1326
YG,1068
GA,2191
AS,2249
SG,2136
GH,479
HG,473
GL,2618
LV,2615
VC,406
CE,590
ED,1642
DV,1273
VA,1915
AK,3866
KN,4138
NM,429
MG,751
GY,1147
YK,1780
KE,4738
EC,448
CI,553
IF,2672
FL,3415
LD,3066
DD,1314
DF,2314
FK,2763
KG,2220
GM,625
MK,1077
KF,2198
FE,2005
ES,1805
ST,1390
TL,2778
LP,1607
PK,1443
KY,1438
YD,1121
FF,1823
FI,2753
IA,3345
AI,2869
IG,2431
GN,1298
NN,1735
NE,2428
EI,3502
IR,1160
RK,1305
KK,4235
YQ,660
QK,1894
IS,3207
SE,1848
EN,3223
NG,1504
GF,1901
IV,2338
VN,1419
NL,4220
LI,4060
IH,690
HK,679
KS,2468
SA,2066
AL,4574
SP,816
PS,1006
VE,1623
EE,2525
NA,2288
AG,1825
GI,2740
IL,5072
IM,695
MP,463
PY,647
YV,749
VV,1884
VI,2231
IN,2509
KA,3324
IE,2863
GV,2299
LN,3756
NT,1590
TS,1448
SS,2240
SV,1957
EH,557
HE,537
CV,435
GE,1849
EF,2326
FS,2211
SH,562
HV,286
VS,1805
VG,1695
KC,364
CA,463
NV,1394
VK,2329
GK,2338
NC,250
CF,377
LG,3333
NS,1985
SC,399
VL,3053
PN,941
LS,4259
SL,3760
LA,4029
AD,1355
DS,1313
SI,2619
GG,1989
AT,1418
NQ,1064
QD,912
DE,2817
VF,1644
FV,1694
VP,681
PA,728
KR,1354
ML,1259
LK,5761
KL,4097
LF,2818
SK,3092
DK,2649
NF,2047
LL,4927
SF,2130
ET,903
TF,1055
FA,1983
VM,573
PF,832
IT,1894
SD,1617
SY,1337
YF,1275
FD,1845
DR,712
RN,782
NK,2388
YL,1888
EY,1177
NI,2916
IP,1342
PV,747
II,3459
VY,934
FG,1775
FY,1360
FR,734
RA,1186
AY,1446
YY,737
FH,439
HL,980
RF,962
GR,872
RY,628
YH,375
HA,542
KV,2152
NY,1292
YE,1665
FT,1199
TQ,1007
QS,1156
TG,1222
EV,1835
YN,981
TM,470
MI,1002
LM,994
MS,738
LY,1684
YA,1226
FM,547
MV,569
AF,2055
PI,1083
IK,3953
VR,865
RR,561
RE,1065
EA,2145
AM,879
TN,1146
KT,2215
TK,1816
DG,1371
AQ,1116
AN,2162
AA,2017
AV,1716
PR,422
RI,1367
LE,4307
EG,1620
FC,512
DI,2408
TI,1640
YR,559
RL,1568
NR,714
HD,341
DL,2926
HS,589
QN,1735
LR,1736
RQ,474
QE,1238
FN,1660
EL,4109
IC,618
CN,257
GC,315
CG,508
VD,1468
KP,1083
GQ,735
QI,1629
ID,2401
EQ,1301
PQ,480
ND,1623
GD,1308
DA,1636
RV,996
KQ,1553
QA,1050
HF,605
QG,951
VQ,714
QT,772
GS,1740
SN,1727
QR,515
EP,615
PE,732
EM,535
DT,1128
MD,601
KD,3387
AH,584
HR,261
QC,113
CD,423
RS,840
SQ,1027
HI,677
RD,718
QY,368
YS,1057
AC,551
CL,535
PL,1544
YP,625
DH,334
HY,339
PH,268
HH,188
HC,122
DY,1079
RC,149
CM,121
GT,1254
TD,796
LQ,1584
NP,1186
LH,817
HN,404
MN,584
CY,177
TA,1266
TW,165
WL,408
ME,549
GP,425
EW,243
WK,210
FW,298
WA,243
QP,243
KH,733
PP,327
FP,599
IW,266
QM,336
FQ,636
LC,820
CK,489
VT,751
PG,505
TY,785
TR,683
RH,253
ER,1120
AE,1308
KM,862
MC,115
QV,730
QF,636
YT,857
TP,1021
TH,545
LT,1889
MW,60
QL,889
PM,284
TT,968
YM,327
SR,964
CS,348
RM,352
MT,369
RG,776
NW,151
WH,84
VW,165
WF,170
MY,258
DW,149
PC,166
TC,254
CT,219
CQ,148
SM,637
HQ,291
DM,522
DP,652
DN,1270
MQ,715
YW,115
WM,85
QQ,344
RP,382
TV,742
DC,274
AP,871
MM,301
WR,109
CH,113
MF,480
PT,648
CR,126
NH,540
WV,196
WW,46
LW,355
WY,132
AW,243
IQ,1238
MR,384
WD,192
PD,626
HT,418
HP,386
HM,130
RW,81
MH,189
CC,63
WC,49
VH,392
QW,82
WI,289
DQ,552
CP,184
WT,116
QH,178
KW,251
PW,121
SW,221
WQ,180
WG,251
WS,146
WN,151
WE,157
HW,56
WP,56
GW,189
YC,187
CW,25
GU,1
UA,1
IU,1
UH,1
