MY,358
YL,2618
LG,3835
GD,2005
DL,3562
LM,1235
ME,969
EK,3752
KA,2788
AE,2993
EC,196
CG,323
GQ,1751
QF,1003
FS,1954
SI,2639
IL,4608
LS,4419
SF,1791
FL,2925
LL,6158
LQ,2069
QE,2121
ES,2143
SQ,1841
QT,1384
TT,1736
TV,2535
VK,2607
AV,3017
VM,871
EE,3840
ET,2270
TG,2427
GF,1915
SK,2441
AT,2447
TL,3004
LT,3612
TK,1876
KY,1298
YV,1260
VT,2508
LN,2398
ND,1195
DK,2506
AL,4329
LD,3415
DS,1794
SG,2525
GL,3953
LE,4392
EL,4152
TI,2610
IH,836
HS,628
SE,2135
ED,2206
DE,2253
EN,2365
NL,2753
LR,2229
RL,2394
IG,2866
GA,2807
AA,3062
KG,2450
GR,1611
RD,1347
DI,2348
IR,1761
RS,1227
SL,4017
LF,2754
LY,1928
YS,1346
SA,2200
YQ,1374
QI,1698
LV,4242
VY,1429
YH,546
HQ,562
QQ,817
LA,5139
AH,811
QL,2357
AQ,1798
VI,2821
IS,2943
EA,3205
RH,453
HL,1231
AG,3203
NQ,1315
EF,1589
FD,1708
IQ,1630
QN,1013
NG,1957
RW,184
WR,208
RG,1403
GP,801
PE,1781
EH,755
RY,1032
YF,1201
FY,1157
FC,181
CL,397
FR,943
RK,1766
KV,2776
VW,312
WS,344
SS,2533
EW,392
WE,329
EG,2244
GH,753
HM,224
MQ,523
QK,1721
KP,1245
ER,2004
KQ,1586
EI,3290
IA,3414
AN,1739
IC,327
AS,2665
KL,3552
VL,4215
LW,431
WA,317
HI,783
QR,849
RV,1666
VN,1789
NA,1601
AC,302
CQ,181
FQ,974
QV,1921
IE,2934
KM,824
MR,613
GY,1557
DN,1359
NI,1916
IF,2051
VP,1408
PS,1278
FF,1403
FA,2003
QH,428
IP,1667
PL,1767
GV,2929
VE,3031
DG,2340
GE,2318
EM,956
MM,457
MI,1109
SH,782
HR,546
RI,1816
LP,2437
LH,1002
HT,533
TM,621
EY,1244
YI,1408
FG,1897
GG,2471
AD,2324
TQ,965
LI,3909
MK,1277
KK,3196
KE,3872
DY,1616
YT,1082
TE,2060
DH,579
HV,694
TY,1239
YE,1371
LC,316
CA,188
YK,1257
QD,1296
DR,1230
NR,1224
HP,551
PY,828
HD,560
DF,1927
FK,1514
TA,2290
FH,499
HA,691
PT,1151
TF,1530
QG,1551
GT,2149
TD,1812
KI,2915
WL,587
YM,426
MA,1128
TS,2103
VF,1875
SR,1520
RM,590
AI,3297
LK,3800
KR,1789
YN,951
RF,1239
FI,1892
IT,2145
AY,1616
YD,1292
DP,886
HY,614
TN,1280
NN,1127
NP,1408
PI,1454
HK,593
EQ,1655
TP,1365
PV,1591
YY,1087
KN,2051
DM,693
GI,3146
RQ,1077
MT,1040
MS,951
EV,2979
VD,2297
FN,1107
NE,1408
NY,1111
FT,1430
SD,1933
DT,1475
TC,207
NS,1446
IY,1521
QS,1261
KF,1188
NF,1170
TW,313
WK,339
KS,2242
SP,1211
RR,1136
GN,1608
FP,914
PN,941
NM,549
MN,749
RN,1095
GC,264
CM,75
MG,950
PH,409
VA,3418
AK,2908
YA,1453
IK,2573
YP,837
RA,1486
SN,1595
DD,1458
KT,2291
IW,364
WQ,264
VS,2615
PF,985
MD,815
MF,471
II,2966
FE,1882
GS,2203
ML,1343
VQ,1400
QM,503
FW,296
WG,366
FV,1915
VV,2849
TH,640
AF,1977
GK,2853
VR,1586
NV,1505
SV,2346
GM,942
QA,2145
PA,1469
KH,684
NT,1224
IV,2922
VC,292
AW,369
AM,984
SY,1518
IN,1765
QP,676
WT,308
AP,1304
IM,815
WF,258
VH,691
PQ,787
KD,2410
YG,1433
AR,1688
KW,369
DA,2113
HG,750
WV,298
WI,430
VG,2623
GW,430
CK,197
DV,2109
ST,1806
FM,551
PD,1168
DQ,1269
RT,1148
ID,2422
EP,921
DW,367
TR,1165
NK,1600
PK,1136
PG,977
RP,737
WN,305
RC,125
RE,1871
NH,672
YR,1015
MV,1001
CH,112
HE,660
WD,299
CS,256
WY,298
SM,765
NC,173
CI,226
WM,124
PM,421
HF,717
MP,485
HH,339
CR,159
WC,35
DC,183
QY,766
CC,42
PR,648
SW,384
YC,147
CE,168
CY,161
KC,154
CD,188
CP,137
CT,133
YW,211
PC,103
MH,198
QW,184
NW,319
HN,406
CN,141
PW,180
MW,111
MC,76
QC,73
SC,254
HW,96
CV,212
PP,325
CF,187
HC,82
WW,79
WP,105
WH,108
CW,40
