MQ,670
QL,1301
LD,2861
DE,1656
ED,1318
DL,2891
LE,5082
EF,1478
FA,1353
AK,3176
KK,3852
KI,3526
IF,1665
FN,1674
NP,1387
PN,1212
NR,883
RA,1091
AF,2105
KQ,1585
QA,1541
AR,1275
RI,1301
IK,3180
KN,3168
NM,468
MC,94
CE,406
EY,992
YK,1356
KD,3001
LV,2764
VH,474
HE,540
EA,2010
AN,1865
NE,1899
DY,1112
YE,1180
EH,685
HF,721
FW,210
WG,301
GD,1303
LA,3550
QK,2196
KL,3184
LT,1873
TW,163
WF,202
FK,2584
KP,1365
PF,1024
FD,1376
DK,2200
KV,2102
VL,3345
LN,3482
NS,1734
SD,1441
DN,1234
NA,2934
AP,1173
FF,1620
KW,207
FE,1757
EN,2413
NG,1431
GK,1818
IN,1814
NV,1096
VS,2087
SY,1308
YN,982
NC,221
CI,325
ID,1921
DR,759
RH,352
HL,1234
LK,5964
NK,2131
VA,1839
AI,2712
II,2280
EG,1452
GE,1519
EM,673
MG,894
VI,2043
IT,1825
TY,839
YR,705
RK,1145
LH,979
HS,792
SE,1539
EV,2158
VN,1152
KT,2360
TA,1145
NL,3024
LL,5464
VK,2084
KG,2430
RV,1089
IY,1163
YM,299
MP,600
PM,300
MI,734
IV,2053
VE,1602
ES,2156
SV,2738
VY,949
MM,252
ML,1279
AC,578
CT,146
TR,715
IG,2177
GA,2185
IH,640
SI,2072
VF,1828
AG,1607
GF,1920
FS,2220
SP,1117
PE,741
AL,5335
LR,1767
RD,898
ND,1405
DA,1672
AQ,1545
AD,1090
DG,1167
GT,1180
TF,950
FR,704
PY,775
PA,618
KA,3108
NN,1673
CP,187
PS,1211
EK,3732
LI,3516
IR,996
RN,825
KE,4724
EI,2972
YV,713
VR,978
RG,864
GR,898
DF,1929
FV,1510
MV,694
NY,1062
YQ,955
QS,1181
KC,285
EP,847
MD,617
DS,1460
DP,791
PL,2137
LF,2690
FL,3338
LY,1669
YT,829
TS,1432
SG,1888
GS,1869
ST,1179
TG,1089
PK,1994
GV,2657
VQ,779
QH,303
SS,2344
SA,2492
GY,1287
YL,1929
LW,419
WA,200
QM,327
MT,401
TM,376
ME,586
EW,292
WV,267
DI,1610
NF,1447
WC,50
GW,210
WI,252
GH,543
HT,499
VV,2089
YG,1173
GP,453
CG,397
AT,1434
TT,1277
TL,2934
IL,3757
MS,708
YP,679
PD,489
RW,139
WW,60
WR,150
RM,390
IE,2653
EE,2629
VD,1154
KF,1244
FY,1197
PT,1002
HA,938
SK,2550
KY,1060
SL,4376
LG,3573
TV,421
VG,2194
PI,1285
AW,248
WK,171
GN,1231
CS,374
DT,1044
WQ,164
QT,966
TE,1066
ET,1440
GG,2076
HI,601
IS,2385
LP,1545
PG,568
TP,1469
AS,2393
SC,337
CA,422
GI,2283
AE,1334
TK,1641
EQ,1165
QG,993
LC,616
PW,105
WP,55
SM,759
NI,1890
IW,193
KR,1926
RY,836
YI,989
YF,1039
SQ,1450
QI,1335
LS,4101
TI,1735
RT,596
TD,887
DD,964
HR,303
KH,978
EC,451
AV,1451
IP,1284
GL,3026
CD,299
CN,202
EL,3198
MN,479
NH,735
IA,3008
VM,581
MY,220
VP,791
RS,1006
IM,564
MR,558
RR,592
RL,2186
KS,2553
TQ,1089
QD,859
DV,1028
CV,497
RF,1121
KM,828
MK,804
ER,1618
CK,343
LQ,1825
QV,984
SF,2080
IQ,1360
SH,834
HD,387
SN,1680
AY,1399
RP,505
RE,1154
YS,1252
DH,401
HK,833
AA,1246
SR,891
VW,231
YD,945
YA,1354
MA,833
GQ,726
FP,571
PV,771
LM,1093
SW,259
WL,452
TN,1299
NT,1520
DM,478
GM,728
VT,837
QE,1529
FG,1561
DQ,487
AM,750
PP,513
PQ,457
HV,428
NQ,1339
PR,388
MF,450
VC,410
HC,109
YH,433
HP,421
QP,362
TH,699
HG,518
CR,118
RQ,525
CW,29
WY,118
IC,327
DC,284
RC,146
CQ,199
QQ,661
QC,148
CY,207
QY,489
QN,1470
FT,962
FI,1886
PH,340
YC,193
FQ,677
HQ,483
HN,537
QR,643
AH,746
QF,678
TC,196
CL,608
CH,103
HH,336
WH,114
PC,164
WD,183
WN,142
GC,355
QW,102
YY,891
WE,205
HM,137
MH,289
CM,116
CF,313
IX,1
XA,3
DW,185
NW,156
FM,503
FH,394
FC,342
WS,156
WT,102
HW,48
HY,479
CC,70
WM,76
MW,62
YW,120
HX,1
LX,2
XL,2
AX,2
NX,3
XS,2
EX,2
XT,1
XH,1
QX,1
SX,1
XX,1
XG,1
XP,1
KX,1
XY,1
DX,1
XK,1
XD,2
