MK,875
KK,2833
KY,1101
YL,2237
LN,2142
NQ,1185
QN,865
NV,1349
VY,1129
YD,1190
DA,2008
AL,4093
LI,3653
IE,2472
ER,1549
RL,2254
LH,814
HF,679
FL,2253
LF,2219
FN,994
ND,1214
DF,1531
FP,812
PI,1348
IV,2503
YI,1095
IS,2647
SF,1602
FS,1685
SG,2315
GG,2175
GK,2473
KD,2210
DS,1663
GL,3476
LL,5299
NI,1635
IL,3533
LD,3040
FR,767
RD,1167
DK,2324
YY,877
YP,729
PD,1051
DR,1083
RE,1341
EI,2325
IG,2606
GV,2332
VF,1529
FH,409
HQ,605
QD,1060
FE,1478
EA,2863
AQ,1718
QY,670
YS,1055
SL,3586
LT,3504
TT,1762
TK,2002
YV,1099
VQ,1094
QE,1685
ET,1967
TF,1456
FT,1225
TS,1971
LE,3415
EG,1807
GR,1333
RK,1404
KV,2450
VS,2359
LY,1534
YW,176
WV,244
VC,260
CL,453
LP,2009
PM,380
MA,1192
AT,2226
TR,992
RT,970
TA,2261
LS,3816
SS,2015
SY,1273
YE,1027
EM,788
MF,418
FW,226
WY,157
PW,141
WD,245
DD,1618
KT,2376
TE,1676
ED,1819
DI,2466
IW,278
VR,1269
RP,663
MP,484
PS,1148
SQ,1674
DY,1468
VI,2683
IN,1725
NL,2181
EN,1634
NN,969
NS,1209
SI,2288
IT,2265
TY,1207
YR,844
RY,853
YK,1038
KM,714
MN,559
DL,3110
LA,4811
AK,3108
KQ,1652
QF,947
FG,1609
RW,141
QI,1431
IH,661
HG,628
GN,1408
QK,1736
TV,2191
CI,187
LG,3385
NR,1047
RA,1285
AS,2444
SE,1749
ES,1598
HR,425
GF,1658
FI,1659
NK,1479
YG,1231
GY,1376
YQ,1245
KE,3147
EC,160
CW,29
WI,280
FK,1320
DV,1864
VW,248
WT,250
SP,1040
PL,1598
DW,332
WS,278
SV,2031
VE,2175
WH,112
HA,617
AY,1549
KF,895
YN,773
NE,1212
EL,3271
FY,867
KA,3190
AG,2638
LK,3498
KP,1179
QM,495
MR,523
RV,1392
VA,2921
PF,824
FQ,770
YA,1292
AV,2652
VD,2023
RI,1397
II,2760
ID,2463
DQ,1181
TW,253
VK,2251
KL,2973
QG,1279
VN,1546
NF,867
SN,1290
IY,1243
AM,996
MG,863
KS,2038
IA,3295
PK,1301
KG,2222
GH,731
HS,565
SW,289
WK,262
YT,917
TQ,1120
ST,1624
TL,3011
PV,1307
LR,1854
RN,864
NY,926
HK,565
TG,2113
AE,2375
EE,2557
TI,2481
EK,2674
AR,1467
NG,1655
GI,2792
KH,734
SR,1315
IF,1619
IP,1483
DT,1503
TD,1700
VT,2494
KR,1737
RM,454
MC,70
CF,208
FC,158
KN,1624
DH,641
HI,802
IC,280
CR,133
TM,616
EQ,1446
QQ,926
KI,2228
AF,1884
MV,911
SH,765
SK,2096
QH,415
EY,903
MS,940
SD,1816
DM,692
MI,1088
EV,2380
EF,1103
NP,1094
PR,518
VM,849
FV,1531
AP,1071
PG,915
QS,1276
LV,3550
QA,1966
QL,2691
TH,602
GT,1865
GD,1802
LM,1177
IK,2601
YF,952
FD,1556
IR,1471
RS,1038
DN,1336
QT,1262
DG,1855
VV,2335
QV,1599
AN,1774
RG,1202
RF,977
AD,2253
AI,3487
YH,579
VL,3280
GM,819
ME,698
WQ,267
RH,496
HT,474
TN,1274
GW,323
PQ,729
AA,3148
FF,1023
PN,879
NM,496
MT,1246
SM,652
GA,2395
KW,321
WA,283
PE,1358
GE,1746
GQ,1562
DP,905
HY,566
AW,304
WC,22
CG,263
FA,1689
HE,526
EW,269
WN,203
WL,513
SA,2057
QP,666
EP,829
NH,647
HL,1275
HP,473
HH,358
AH,663
HV,607
DE,1759
LQ,1745
MD,682
NT,1145
IM,823
TP,1276
PA,1194
EH,695
VG,2180
RR,1006
IQ,1265
PT,1048
DC,202
CV,190
KC,136
CE,153
ML,1213
MQ,481
YM,305
FM,506
CY,145
QR,802
YC,157
CQ,243
HN,413
VP,1221
LW,363
WF,213
LC,312
PY,734
GC,228
CP,136
RQ,1211
HW,89
AC,300
HM,197
MM,369
CA,170
GS,1851
PH,352
VH,576
WR,198
CT,120
NA,1585
CH,109
HD,534
NW,229
SC,185
CK,123
HC,86
TC,197
MW,71
MY,289
WG,292
CM,59
QW,187
WM,101
PP,292
WW,57
NC,151
GP,787
WE,238
CS,166
PC,91
CN,115
CD,200
MH,171
QC,95
WP,90
CC,40
RC,121
