MQ,1089
QT,2240
TK,2592
KD,3205
DT,1839
TV,2537
VP,2052
PK,2446
KK,5977
KA,4244
AR,2488
RT,1829
TT,2453
VY,1599
YM,504
MT,1218
TE,2591
EE,5248
ES,3499
SL,7173
LL,10091
LN,4680
NE,2553
EL,5806
LF,5178
FI,3076
IK,4114
KR,2900
RL,4408
LR,4015
RD,1963
DR,2080
RK,2842
KT,3468
TD,2070
DK,2496
KS,3756
SA,3857
AL,7503
FC,746
CE,717
EG,3526
GI,4603
KL,5495
LY,2857
YD,1683
KE,5220
EI,5097
IA,5184
LS,7493
SI,4414
IS,4743
MF,729
FV,2563
VK,3358
SN,2424
NS,2353
NP,2419
PF,2205
FF,3025
FN,1997
NA,2815
AF,3510
IN,2608
SD,2731
TL,5310
LG,5574
GK,4075
KG,3549
IF,3382
LI,7028
IL,7212
II,3768
SW,699
WI,918
FK,2760
KV,3520
VL,5321
LQ,4240
QA,3216
TA,3030
AE,4105
SS,4711
AS,4147
NF,2089
FY,1828
YQ,1690
QL,4053
FQ,1940
QS,2373
NK,2246
KY,1783
YS,1921
SP,3027
PL,4307
NI,2578
IE,4779
EY,1755
SG,3450
SE,3794
EN,3410
ST,3069
TM,721
MK,1428
YT,1516
LE,6714
KN,3736
NR,1977
RR,1757
RF,2075
FA,3103
AA,4727
AQ,2774
QE,3207
SY,2072
YL,3537
SK,3931
AD,2702
DL,5189
LA,7043
NH,1209
HV,1410
VF,2559
FS,3875
EV,3414
VT,2625
TQ,1931
QQ,1973
QI,3211
KQ,2845
EK,6132
NL,4642
FL,5340
TI,3427
IV,3723
VS,3517
AP,2117
GL,5215
GT,2789
VW,523
WG,692
LM,1954
TF,2412
LH,2426
HG,1216
GN,2331
AG,3644
TH,1277
HQ,1076
QM,811
MV,1071
GG,3376
SM,1009
MA,1500
AT,3234
ID,3512
DA,3020
AI,4950
IP,3470
PA,2252
LV,4974
VG,3160
GY,2054
YN,1122
NY,1286
LK,7402
FH,1145
HD,995
DF,2654
FE,2935
EM,1465
GF,2704
AN,2427
SV,3126
VE,3579
QY,1153
YR,1540
RV,2109
VD,2721
MI,1449
PE,2987
ET,3202
TN,1771
FG,2745
GH,1343
HK,1098
LC,1253
CH,352
HL,3015
PD,1970
DI,3005
IQ,3276
QV,2290
VR,1971
PP,1731
IC,1020
CF,649
AH,1563
HS,1469
HI,1597
YY,1102
YP,1434
ED,3009
DW,641
WT,465
FT,2230
QK,3647
LW,972
WK,908
KI,5297
IH,1853
HP,1416
LD,4806
IG,4016
NN,1415
NQ,2099
VV,3285
RS,2274
TG,3311
GR,2261
RE,2860
DG,2489
GE,3133
LP,4271
VI,3702
YH,875
RI,2983
DD,1914
DP,2347
PY,1308
VQ,2156
VM,1030
IY,2094
YE,1866
NC,476
CR,502
PV,2144
HT,1058
TP,2475
YG,1756
HN,756
EA,4460
QP,1300
PC,492
CD,561
DS,2617
SF,3340
YV,1678
DV,2620
VH,1204
HA,1739
IR,2934
RM,859
PS,2968
EF,2548
DN,1423
PW,449
WE,757
TS,3067
HE,1421
EQ,2707
YK,1479
KM,1411
MM,441
ME,1267
EW,779
WV,598
SH,1676
RP,1353
GP,1695
VN,2246
AC,1001
CV,654
GD,2422
QG,2238
GA,3777
AV,3560
LT,5122
GS,3344
QD,1873
HY,971
KP,2076
PT,2115
AK,4385
CS,780
CG,773
RA,2306
PQ,1683
GQ,1916
WL,1174
GV,3291
GW,778
TY,1695
PI,2803
PR,1314
RY,1496
FR,1729
RQ,1820
HR,1057
AW,716
WD,568
DM,699
MD,973
MY,423
YF,1781
QR,1696
SR,2401
KF,2301
EP,1636
AY,2278
YA,2142
QF,1809
AM,1242
MR,1045
QN,2265
NW,558
WN,588
WA,577
EH,1395
ER,2866
WR,498
ND,1744
VA,3457
QW,423
ML,2036
IW,664
PG,2050
DY,1752
IT,2959
NG,2342
NV,2313
SQ,2857
MH,644
CI,786
HH,782
DC,573
RG,2083
VC,705
KC,592
RW,503
TW,573
NT,1841
HW,326
WF,480
RC,459
KW,762
EC,619
CQ,519
HF,1522
CA,783
QH,930
DE,3038
KH,1494
FP,2052
PH,1112
WY,327
CY,434
MG,1374
RH,993
PN,1596
CK,627
HC,315
FM,772
TR,1792
YI,1711
DQ,2132
RN,1722
FD,2366
TC,608
CL,1501
HM,375
YW,407
MP,870
YC,456
SC,757
WM,300
CN,364
WC,116
WH,283
WS,613
CT,532
MS,1261
QC,347
FW,594
MN,874
GM,1354
PM,572
DH,1139
MC,151
IM,920
GC,802
CP,540
PX,16
XE,10
NM,630
WQ,483
CM,212
CC,214
WW,138
MW,171
CW,159
WP,321
LX,19
XT,12
DX,11
QX,12
XQ,7
WX,2
EX,16
XK,13
NX,11
XS,13
FX,12
XA,15
CX,4
KX,9
MX,4
XN,11
SX,14
XX,3
IX,12
TX,11
XP,8
XD,6
RX,4
XV,10
AX,8
XL,22
XG,15
GX,8
XF,10
VX,4
HX,2
XI,11
YX,8
XR,8
XY,7
XH,7
XW,1
XC,1
