ME,1443
EN,2456
NR,3595
RE,8740
EL,10471
LT,10022
TY,2454
YI,1465
IT,3830
TN,2749
NS,2432
SI,5106
IA,14593
AE,11865
EA,11915
AQ,11124
QR,5446
RV,11447
VM,2855
MA,4189
AA,45272
AM,5216
ML,5026
LA,31137
AD,15038
DE,7012
ER,11432
RL,15462
LL,18710
AT,12836
TV,7884
VR,11042
RK,3716
KV,3764
VA,20426
DA,21015
AC,3264
CI,739
AS,16409
QG,4287
GG,14870
GK,5436
VL,15055
AG,23234
GN,4250
NG,4990
GS,8222
SA,13983
QH,1571
HI,1490
GE,8830
EF,3289
FV,6697
VS,8640
SR,7266
RF,6385
FA,10366
AF,9505
FD,5806
DR,6739
RP,6778
PG,8778
GL,15196
LP,11671
PA,15878
AV,17090
AL,33244
TT,5293
TD,5010
DT,5548
TS,5941
IL,5611
TA,11232
AI,11488
IG,9324
ND,2714
DY,3139
YG,4232
GY,4935
YE,2331
EK,2952
KL,6090
LF,7036
FS,4157
RQ,4796
QV,4257
VQ,4205
QA,8760
LG,15998
NE,2232
EG,5805
GD,8828
DV,9143
LI,7983
YS,2280
ST,6444
SG,10343
KS,2889
SP,5662
PN,2928
NI,1859
FR,4012
AK,7261
KA,6255
KG,3629
GM,3632
MT,3022
TC,832
CV,1713
VG,11105
GF,6561
FT,3443
TG,9341
RG,10671
EM,1841
MR,3786
LC,1905
CD,1186
DL,9520
LE,9164
EV,5619
VP,7967
PS,5872
TP,6690
PK,2631
KI,2792
IQ,2086
QE,2162
GH,3501
HL,4126
LV,14993
IV,8736
VC,1682
CG,2159
VE,7918
EH,2960
HS,1923
IF,2396
FG,7212
MS,3285
SN,3002
KC,300
CP,916
PF,3939
FH,1443
HQ,1134
GT,8514
RD,9271
DW,1929
WW,404
WP,1422
NQ,1572
QL,6737
LD,12821
LS,12119
LH,4305
HR,3431
RH,4328
SS,6134
SL,10926
SD,5121
DP,6042
PM,1817
MG,2584
KD,2425
DF,3684
FN,1952
NY,1376
YA,6206
FE,3901
VK,4447
KR,4761
HA,7677
LM,3735
SQ,2964
QD,2422
HY,1328
FI,2609
IR,5423
RM,2910
AW,3861
WH,737
YR,4436
RT,7180
DG,10322
GR,11746
GA,23422
GQ,4628
QQ,3109
AP,15522
PL,10657
LN,5103
SW,1307
PD,6946
DN,2126
NA,7135
AN,6804
NL,4966
DK,2737
AR,24103
RR,13272
LW,2228
PI,4097
IK,2187
KQ,2111
QK,1764
KY,1251
RA,22137
IS,3883
WA,2610
NV,4354
ES,4293
SM,2015
FK,1723
KT,3339
TF,3766
TW,1179
WE,914
EP,5526
PE,5293
ED,3495
VY,3428
YW,815
WG,1722
SE,4345
IW,890
WL,4048
GP,5968
RY,4420
NP,3349
QM,1425
IY,1788
YV,3996
VN,3961
PV,8131
DI,4597
MN,1646
EE,3505
ET,5168
HT,2116
TH,2389
HG,4513
GI,7826
IE,5981
GW,2813
WK,761
AY,5932
VT,8359
WT,1330
PT,4967
TQ,3464
QW,1039
WS,1499
SH,2295
HN,900
NF,1743
FF,2808
EW,1384
TK,2331
AH,7220
WV,1636
VI,6462
IP,3571
SK,2626
KK,2035
KH,1264
TM,2013
LR,14851
HE,2230
EQ,4197
QF,2221
WF,1086
DM,1889
PR,7078
YL,5133
WQ,1145
VD,9192
DH,2183
HP,3045
ID,7141
LK,5979
RI,7736
PQ,3397
QP,3876
TL,12534
GC,1785
CA,3149
GV,13613
KN,1461
QT,3641
RN,3582
QS,3307
VF,5214
TE,3921
KP,3614
KW,638
TR,6828
KF,1541
VW,1855
WN,858
NK,1089
RS,6424
HV,3622
VV,11709
LY,4419
DD,7200
DQ,2469
EI,5331
IN,2211
NT,2580
MW,408
EY,2255
YY,1367
IH,1694
NC,458
TI,4868
PY,2480
NH,1005
CN,425
YD,2896
MD,1567
VH,2903
II,2282
HF,1746
DS,4518
EC,854
PH,2632
HD,2751
MV,2439
LQ,5636
MI,2024
IM,1047
YF,1992
NM,812
QI,3439
QN,1553
YP,2534
CK,335
KE,2276
SV,7890
PP,5777
NN,1418
WM,569
MP,2902
RW,2311
SF,3978
CT,901
YT,2433
HK,852
MC,330
FL,5252
FY,1793
YC,534
WI,1356
QY,1705
YN,1198
CR,1432
FC,830
CS,924
MM,1040
CQ,388
CM,345
PC,783
FP,2929
MK,1812
YH,1034
FQ,1734
MF,1395
CE,927
KM,1064
CF,647
WD,1155
YK,1099
IC,737
SY,2499
CL,1463
MQ,1709
WY,638
RC,1431
MH,1039
PW,1329
QC,539
YQ,1601
SC,892
WR,2932
YM,744
HH,1198
DC,937
FM,1165
NW,765
CH,489
HM,617
CY,459
HW,785
WC,296
FW,978
MY,744
CC,219
CW,265
HC,534
