MT,3284
TY,2575
YA,6039
AV,17845
VK,4525
KE,2340
EI,5154
IF,2453
FY,1815
YT,2581
TL,13103
LQ,5908
QG,4207
GE,7746
EG,5753
GA,20303
AN,6193
NA,6625
AG,21291
GR,11027
RP,6679
PA,14830
VF,5328
FC,717
CR,1275
RF,5968
FA,9791
GC,1718
CN,399
NL,4981
LW,2200
WS,1478
SG,9897
RE,7869
EE,3705
ED,3531
DR,7480
RA,19212
AQ,10733
QA,8264
VC,1604
CD,1099
DT,6312
TD,5408
DF,3590
FV,6452
VG,11199
GT,9690
DG,10123
EN,2266
NG,4870
GG,13549
GK,5643
KF,1545
FK,1704
KD,2509
DA,19566
AD,14602
AL,30965
LV,14663
VA,20447
AT,13150
TI,5234
IA,14821
GL,15205
WP,1351
EA,11608
AH,6417
HR,3299
VV,12282
CT,970
TG,9499
EP,5018
PM,1918
ML,5056
QL,6936
LD,12626
DQ,2635
QP,4096
PL,10366
VD,9203
LH,4371
HA,7048
AA,40974
GF,6571
FG,7263
GI,8341
AI,11867
IE,5866
ET,4991
TN,2517
GS,8377
SL,10458
LP,11524
PV,8659
VL,15421
LE,8911
ES,4245
SI,4976
ID,7133
DW,1901
WI,1429
IC,762
CV,1583
VS,8545
SP,5431
PK,2701
KA,6485
AP,13343
VT,8956
TK,2312
KG,3720
GN,4182
NE,2207
EL,9996
LK,6204
KV,4092
VI,6739
IP,3856
PQ,3388
QD,2436
DN,2205
NQ,1506
QR,5826
RL,14456
LA,28622
DY,2997
AK,7241
KL,6169
FE,3708
EY,2109
YF,1937
FL,5380
VQ,4580
MD,1697
GP,5789
PS,5645
SR,6864
RD,9307
DL,9589
LN,5075
NT,2597
WC,310
CK,353
KR,4598
RH,4076
HP,2892
QW,1040
WR,2664
LS,11609
SM,2001
MQ,1937
QT,3492
TH,2451
HK,872
KY,1285
YL,4945
NI,1921
TS,5722
SA,13010
TQ,3491
QF,2287
FD,5502
NV,4195
SV,7953
VY,3421
KC,295
SH,2141
HT,2132
TV,8771
LF,7003
FP,3021
PD,7206
TR,7251
RK,3739
KT,3317
LG,15889
GV,13020
IL,5927
PC,692
CA,2753
NF,1687
PE,5378
LM,3840
ME,1508
EV,5974
RV,11171
SD,5233
TW,1340
WQ,1316
YG,4272
IS,3944
VP,8433
PG,8141
KS,2958
DI,4571
YV,3838
CS,882
SY,2375
MN,1633
IV,9271
RM,2824
MR,3616
RS,6392
LL,19115
HV,3649
TA,11947
AR,20559
RT,7556
GH,3575
HG,4402
AE,11925
EQ,4285
QV,4441
VR,10948
IQ,2087
RQ,4782
DP,6127
PT,5172
LY,4305
GD,8238
DV,9398
LT,10616
AS,14246
ST,5888
RY,4286
DD,7447
GY,4775
RI,7668
VE,7665
QK,1859
TP,7030
DE,6772
KI,2791
IN,2348
II,2515
AM,5457
MW,411
WL,3972
KN,1431
YY,1318
EW,1413
WE,882
VN,4115
NS,2107
SK,2665
ER,10146
IH,1594
HQ,1110
RN,3544
RG,9625
LR,14070
RC,1270
CG,1949
NC,454
IG,9478
IR,5528
AF,9072
FT,3651
HI,1522
PY,2452
NH,947
HL,4093
YI,1516
IT,4182
TC,845
NY,1335
YD,2881
NK,1120
FR,4103
VH,3005
TT,5663
VW,1936
WK,764
EK,2980
KK,2129
MP,2805
PF,3864
DS,4188
PI,4080
HW,781
WF,1158
NN,1345
QQ,3340
AW,3660
WM,641
KP,3668
WA,2451
PP,5398
WV,1808
EH,2714
RR,11931
GQ,4679
QI,3518
TF,3984
FI,2737
YM,737
MV,2620
GM,3635
MC,350
HD,2957
AC,2897
PH,2633
NP,3282
LI,8648
YE,2196
NR,3566
SS,5637
PR,6178
QM,1502
MA,4385
KH,1269
HF,1759
YQ,1555
MF,1449
FN,2042
AY,5606
HY,1307
YP,2460
SF,3835
QY,1726
YS,2189
PN,2747
KW,707
MH,1056
MG,2648
FS,3937
MM,1072
MS,3219
ND,2745
DH,2129
KQ,2304
FM,1222
MK,1937
TE,4115
QH,1721
QC,551
CF,640
YR,4301
NM,787
QE,2229
IK,2205
QS,3437
GW,2832
WT,1435
DK,2844
DM,1894
SC,865
CL,1421
EM,1829
FH,1478
MI,2096
IY,1885
HE,2084
YH,1002
FQ,1702
DC,879
WG,1698
VM,3013
LC,1923
CE,877
EC,747
FF,2688
TM,2054
KM,1003
HS,1787
SN,2743
WD,1162
YK,1098
SE,3929
EF,3217
WY,627
SQ,2952
CP,914
PW,1317
SW,1326
IM,1189
QN,1516
CM,348
YC,503
RW,2214
YN,1184
CQ,378
WH,800
HM,614
WN,804
YW,798
CH,498
HN,913
HH,1195
WW,444
IW,906
CY,479
FW,1012
MY,762
CC,270
CI,759
HC,495
NW,773
CW,245
