MP,964
PF,1431
FV,2670
VN,3680
NK,7743
KQ,2325
QF,908
FN,3207
NY,3065
YK,4462
KD,7211
DP,1437
PV,2093
NG,3516
GV,4558
VD,3686
DI,6769
IA,6061
AY,2225
YI,4741
IK,10753
KI,9794
IP,3659
PN,1725
NA,2812
AG,3857
GQ,1481
QM,548
MQ,644
QP,558
VK,5736
KA,5349
AF,2643
FK,4300
IH,1385
HN,924
IW,625
WV,420
VI,6308
PE,2194
ER,2792
RD,1800
DT,2615
TF,2163
FT,2344
TN,2802
NP,2203
EE,7883
EG,4386
GD,3302
DL,5147
LN,6512
PP,635
EA,4236
AK,4960
QV,1438
VP,2029
VS,4312
SY,2708
YY,2011
YD,2455
DS,3185
ST,3152
TY,1829
YL,3712
LS,6707
TD,2277
DN,3370
NE,4503
EK,9031
LK,9839
KG,5943
VT,3228
TK,4007
KL,8321
LF,3868
FE,2620
RI,3231
IY,4153
YS,2884
LG,6374
GR,2199
RM,754
ML,2525
LL,8065
LT,4373
TS,3049
SI,7300
IV,6549
VR,1899
RG,2009
GI,7133
FW,336
WG,496
GG,4431
GS,3728
TI,5196
ID,6141
TE,2995
EL,6679
KV,6443
NC,867
CI,1303
IN,7149
NV,3853
IQ,2291
PD,1410
DG,3208
YR,1452
RS,1548
SE,3881
NL,6483
LV,5355
II,10973
IG,6700
GP,1354
PS,1847
SA,3097
AD,2510
EC,755
CK,1156
KS,5686
SF,3280
FG,2866
GH,1013
HE,854
EV,4876
VL,6101
TR,1482
RN,2015
GY,3038
YG,2734
TQ,960
QY,1074
IR,3146
RF,1402
FS,3353
SP,1743
DF,2883
GF,3086
ES,3529
SL,6147
LE,6590
PL,2616
GA,4261
GK,6164
KF,3706
FA,2211
AT,2783
PA,1498
AV,4018
TL,5029
LA,5378
AH,824
LI,8781
HA,674
HR,558
RL,2812
LY,3541
AI,6124
NR,2001
RV,2234
VF,3010
NT,3139
YE,3054
EM,1630
MS,1663
SG,4073
GL,5350
LR,2995
RT,1527
HD,694
DA,2505
FI,5229
LQ,2205
QE,1678
EN,6101
EF,3118
FR,1261
YN,3101
AS,3396
VG,4284
GT,3528
TT,2576
TA,3007
YM,1005
MK,2854
KN,8051
KE,10968
KY,4577
ED,4868
SV,3754
DK,6336
FD,2282
KM,1832
EI,7479
YT,2078
NF,3009
FF,2086
RK,3124
KT,4326
NI,8724
PK,2667
AA,3974
AN,2705
QN,1532
NN,5315
NM,1669
MN,1765
TG,3708
FY,1996
LC,1173
CV,683
IT,5172
SK,6547
LD,5420
AL,5974
ND,2777
NW,501
WD,388
GE,4531
SD,2819
IE,7866
AE,3484
IS,7355
QQ,738
EP,1473
SS,4384
QL,2023
LM,2141
FP,1276
KK,9869
TM,1152
MF,1121
FH,602
HY,603
RA,1790
AQ,1344
EH,1000
HG,988
SR,1913
NS,4212
VY,2473
DY,2653
YV,2370
AM,1585
FL,4302
GW,510
VE,4508
EQ,1756
DE,4306
ET,2945
PY,1438
GN,3487
DD,2325
IF,4635
IL,10273
TV,3317
VQ,1429
QT,1000
KR,3193
KW,715
WL,566
QI,2167
NQ,1263
QA,1303
YQ,687
MI,2409
QC,313
CS,856
SM,1696
DR,1788
FQ,1079
QR,909
EY,3068
RY,1441
SN,4068
NH,847
HL,1213
YA,1964
PI,3096
MY,966
WI,715
YF,2037
CM,317
ME,2121
WK,552
WT,327
QD,1203
VV,4518
SQ,1501
RW,249
DQ,843
QK,2038
KP,2324
IM,2278
GC,928
CR,433
TH,764
QS,1377
DV,3373
PR,780
VM,1463
MT,1183
QG,1477
KC,993
HQ,298
VA,3962
WY,308
RQ,846
SW,474
WE,474
RP,846
HP,596
LP,2868
HV,790
CT,675
RE,2974
TC,545
CE,883
PQ,794
KH,1283
HI,1551
FM,1120
PM,709
EW,424
MH,358
PT,1546
MD,1762
MR,851
CL,925
AR,1784
RH,484
HT,689
CA,662
VH,903
HK,1257
VC,885
CG,1133
MV,1699
IC,1473
AP,1534
DC,649
CN,844
GM,1743
YC,624
CF,525
MG,1992
HM,365
YP,1294
PG,1803
SH,969
LH,1130
HC,237
DM,1505
SC,709
TP,1890
PH,450
MA,1834
FC,576
HS,881
CD,717
MM,660
RC,439
DW,371
AC,784
RR,1395
CH,265
CQ,237
DH,629
HF,626
HH,313
WF,332
YH,565
QH,342
LW,641
VW,393
QW,232
CP,515
CC,255
YW,293
WS,472
WA,396
PC,366
PW,257
CY,494
WR,240
AW,367
WN,503
HW,116
WM,181
WC,101
WH,138
MC,321
MW,172
TW,327
WQ,225
CW,71
WP,204
WW,95
