MN,1602
NR,2790
RR,5045
RD,4269
DA,7627
AI,8471
IN,3831
NQ,2158
QI,3284
IR,4366
RQ,4450
QF,2052
FG,4437
GG,7719
GR,5229
RL,9031
LD,7451
DR,3700
LR,8682
RK,3425
KS,3243
SR,4864
RG,4716
GT,5257
TG,6497
RN,2863
NA,5270
AP,5215
PG,5002
QK,2619
KP,3005
PT,3016
TP,4813
PK,2110
PN,1805
NS,2923
KT,3801
TN,2325
NV,3871
VF,3665
FN,2470
NE,2846
EQ,4631
QV,3954
VR,5230
RY,3142
YA,3589
AW,2328
WH,647
HG,2424
GA,8941
AL,16609
LQ,5708
QD,2525
DL,6412
LK,6472
SK,2789
PL,7344
LA,16038
AT,6951
TF,3081
FL,4848
LT,9265
TV,5732
VM,2907
MV,2816
VI,6519
IA,9408
IS,5452
SL,9357
TL,10671
LP,8057
PS,3003
SV,6020
VC,1216
CY,528
YM,831
VY,2541
YK,1445
KN,2624
VN,4091
QA,6479
AA,14579
TQ,3285
QY,1713
YY,1410
YP,1972
SP,3704
PQ,3170
IT,5342
YL,4264
DD,4280
AR,7918
RV,5261
VV,7919
VG,6781
GQ,4036
QL,6784
AE,7863
QG,4227
GV,8326
VE,5575
EK,4727
KV,4117
NY,1772
LS,10083
RE,5360
ED,3362
LG,9937
GE,6406
EF,2521
FR,2684
NW,780
WS,1152
SG,7369
GF,4539
DM,1768
ML,4421
LE,7589
EE,4729
EN,3525
NP,2997
PA,6422
AV,9493
VA,9750
IP,4071
KL,5973
DF,2917
FQ,1515
QS,3165
ST,4171
TA,7190
AS,7813
LN,6001
NT,3073
RI,4888
SQ,3610
NG,4402
GI,7224
ID,5060
DE,4902
EV,5139
RM,1885
MD,1719
DS,4107
SW,1415
WF,1015
FA,5200
GL,10217
LV,9713
VS,6356
SA,8100
AM,3839
MI,2125
IG,6512
VL,10068
LM,3829
GN,4072
SI,4373
IF,3072
DT,3862
TI,4318
VQ,3290
LI,8298
TD,3931
DG,5427
FI,3801
IL,7275
RP,3113
PF,2617
LY,3741
YG,3190
LL,16605
FS,4427
AF,5166
SE,4371
EI,4773
MR,2141
SS,4912
VT,6123
TE,3746
AQ,6516
TK,2208
KF,1687
FD,3259
SF,3220
EC,734
CL,1522
CS,1000
SM,1786
GW,1863
WI,1129
WL,3302
QH,1711
HL,3241
RH,2391
HF,1512
FT,3615
MF,1325
GK,5649
VP,4248
FH,1192
HE,1588
EP,2857
PI,2629
IV,5772
II,5095
TY,1746
YF,1756
KW,681
WT,886
LW,2032
WK,755
KE,3670
EW,1105
TS,4188
VD,5348
DH,1378
HK,1143
KR,3689
IM,1745
MY,761
YI,2115
AD,7149
MM,1302
RS,3749
QQ,4391
AG,10667
EA,7469
PP,2469
PH,1469
HH,1137
HY,1365
YD,2325
DQ,2084
AH,2740
FF,2427
FV,3509
MP,2016
NL,4990
DV,5400
FP,2177
NN,2277
FW,893
QT,3231
AY,2873
IE,4673
EY,2215
YS,2540
DY,2758
YW,671
IW,1060
WA,1451
TT,4306
NF,1859
KM,1391
RA,6430
GM,3056
MT,2552
TM,1572
FK,1856
PV,5745
TW,1209
LC,1887
CA,1515
AN,4478
TH,1848
ND,3007
MG,2791
NM,1226
WG,1319
GH,2329
HP,1882
PE,4713
LF,6028
GY,3724
YT,2250
VW,1405
CI,923
LH,3270
VK,4555
KI,3562
YQ,2224
HS,1806
MW,405
HN,1256
GC,1542
CF,651
WW,339
WP,966
KA,6114
ET,4349
FM,1291
YV,2383
TR,4271
DP,3118
HT,1628
CQ,707
IQ,2638
QN,2183
GD,5443
PW,1081
RT,3575
FY,1747
YN,1539
HV,1876
VH,1723
ER,5132
WE,858
EM,2210
MK,2024
KG,4309
QP,2993
YE,1800
IH,1787
HM,624
HI,1998
MS,2606
KH,1260
MA,4199
GP,2860
PD,4079
AK,5639
KK,3375
EL,8138
SY,2306
YH,1051
HD,1674
NI,3490
GS,5742
ES,4174
SN,2574
MC,306
CK,505
QE,3296
EH,2009
HR,1801
SH,1994
RF,3647
PY,1725
DI,5163
PR,2807
QM,1447
ME,1822
IC,1032
CP,817
EG,5146
YR,2735
HQ,1591
NH,1248
HA,2707
CT,760
KY,1785
IK,3460
KQ,2689
SC,910
CN,488
SD,4305
IY,2306
WQ,1651
FE,2465
KD,2937
NK,2326
CE,932
CR,933
DK,3670
CM,303
DN,3322
MH,757
DC,727
CV,1158
PC,580
RC,903
WY,639
WM,585
QW,1021
QR,4198
FC,820
CG,1599
WD,894
MQ,1741
WV,1340
WR,1648
HC,500
CD,909
DW,1146
AC,1692
RW,1343
WN,704
PM,1391
TC,805
CW,281
NC,535
WC,281
KC,465
YC,579
CH,499
CC,280
HW,559
QC,572
VU,3
UH,3
