MA,3441
AT,9798
TT,5176
TL,7266
LP,7886
PV,6600
VQ,2864
QR,3954
RH,2522
HP,2240
PR,4678
RS,5372
SL,6379
LF,3650
FP,1868
PE,4248
EF,2245
FS,2232
SE,3087
EL,8385
FA,5190
AA,28165
AF,4434
PS,4156
SF,2107
AG,18779
GL,12153
LR,10313
RP,5512
PT,4732
TF,2201
FD,2991
DT,3921
TR,4709
RL,10213
LM,2066
MR,2001
LE,5096
ED,2577
DE,4688
EM,1123
MK,547
KE,1108
EG,3837
GR,8274
RY,2565
YE,1276
EV,5323
VR,7829
RA,11211
AE,9428
PG,8072
GV,10369
VD,7091
DP,5479
PD,5333
DK,1594
KD,1345
DV,6608
DI,3387
IM,735
MV,2209
RD,5292
DG,7728
GQ,4078
QL,5057
LT,8217
TI,3423
IK,1166
KA,3273
ER,5266
RT,5062
TE,3745
EQ,2694
QK,729
DF,2209
AY,3084
YG,2675
GS,8162
FV,3367
TV,7340
VS,6378
VG,9985
GA,15990
AD,10463
DD,4814
TY,1569
YD,1621
KG,1973
GI,5762
IL,3874
SV,5995
VA,15123
AV,15087
GK,3095
KP,1883
EK,1433
KH,630
HI,1146
IQ,1247
QI,2041
IR,3507
ST,4451
MS,2047
SR,5053
RI,4575
IT,3736
TD,4419
DQ,2315
HA,3408
VL,11541
LD,8052
DR,5749
RG,7039
SW,1276
WD,1009
DS,3487
EP,3629
PL,6565
LA,19110
VP,5943
SY,1752
YA,3163
AR,11579
RE,4603
TG,9053
ES,3241
QT,2295
GE,5357
RV,7456
VF,3271
FG,5044
RR,9406
VV,11118
AC,1420
CE,563
FL,3105
LG,11664
GG,16631
SI,2986
IG,6688
TA,10155
VE,5437
LL,12869
AS,8370
SP,4219
SS,4211
SG,8704
GT,7540
RM,1710
MQ,710
QE,1384
LQ,3560
QM,722
VK,2082
KI,1273
IA,8355
AI,7171
LH,2745
HN,712
NQ,984
QA,5326
PY,1514
YL,3110
LV,11096
VY,2009
WG,1282
GH,2809
HL,2752
AL,16783
LI,5451
GF,4475
GP,6300
LY,2177
GD,7081
PF,2098
EN,1266
NL,3100
HG,2930
II,1843
ID,4429
PM,1297
ML,2750
DA,9450
AP,8195
PA,9928
PQ,2521
TP,5017
TW,1012
RQ,3209
LS,7398
QG,2783
EA,7347
RF,3220
QP,2692
QQ,1892
GM,2358
LC,1175
CL,859
VI,5258
SA,9716
AH,3546
HC,286
VT,7023
AM,3361
GW,2273
WL,2491
PP,5367
IV,4804
FR,2186
AQ,5651
DL,7465
LK,2253
KS,1600
EY,1330
YP,1670
PI,3057
IE,3259
SN,1650
NA,4117
VH,2409
RK,2094
IP,3397
YR,2523
IN,1692
NS,1998
KF,724
FQ,904
DH,1840
HR,2658
FK,630
KM,453
TC,610
CG,1369
FH,818
HQ,932
KL,2905
EE,2763
NP,2417
KV,2414
AN,4142
NV,2624
HV,2232
FF,1341
HD,1802
RW,1901
WH,463
TS,4157
SH,1454
QY,809
YV,2128
LN,2910
GN,4960
NG,4193
ET,3003
SM,1371
MG,1967
VM,1809
IS,3173
LW,1640
WR,1773
NH,636
FI,1382
IH,1057
KY,581
HT,1710
FT,2561
ND,1579
QD,1589
RN,2216
SD,3921
TN,1872
NE,1233
DC,639
HF,848
EH,1966
FW,546
WA,2014
AK,3874
KQ,899
NR,2162
WT,1056
DW,1168
WS,1229
KW,387
WF,673
YN,740
NC,252
CV,926
HW,495
WE,785
YS,1465
SK,1416
IY,1066
CA,1541
MH,564
HS,1462
QF,1271
CS,731
AW,2185
WW,455
HH,947
YT,1480
PK,1667
GY,3116
TQ,2114
QC,319
CC,174
CY,286
TM,1440
IF,1356
WC,230
CT,634
WV,1445
CN,243
YY,623
MF,834
FM,505
EI,3211
WY,451
WQ,867
MI,1128
MT,2228
PH,1597
QH,1040
PW,1133
WP,1129
IW,648
YW,457
YF,970
MN,651
IC,557
NY,799
KT,1784
VC,1089
WN,530
QS,1914
QV,3524
PN,1817
VW,1327
TH,1590
VN,2829
DN,1612
SC,598
ME,803
HE,1350
DM,1058
CQ,343
PC,487
YQ,1095
SQ,2111
KR,2094
NT,2274
QW,661
FN,1379
DY,1827
NF,1075
EW,803
CP,751
TK,1578
MP,1617
RC,1057
KK,756
KN,634
HM,354
NM,488
GC,1199
MM,506
FE,1891
YC,308
CR,1002
CK,193
CD,796
HK,554
FY,871
NI,1633
EC,530
NN,964
NW,506
MC,262
KC,155
QN,859
YM,295
WK,355
HY,705
MY,437
YK,411
CH,294
CM,150
MW,377
YI,827
CF,301
FC,412
MD,1029
CI,348
WM,363
WI,796
CW,210
YH,686
NK,568
